Year,Case,Name,Tribe_Third_State,Support_Native_interest
2000,Department of Interior v. Klamath Water Users Protective Ass'n,"CITY OF TACOMA, WASHINGTON",2,0
2000,Department of Interior v. Klamath Water Users Protective Ass'n,Reporters Committee for Freedom et al,2,0
2000,Department of Interior v. Klamath Water Users Protective Ass'n,CAMPO BAND OF MISSION INDIANS et al,1,1
2000,Department of Interior v. Klamath Water Users Protective Ass'n,"KLAMATH TRIBES, NCAI et al",1,1
2000,Department of Interior v. Klamath Water Users Protective Ass'n,UNITED SOUTH AND EASTERN TRIBES,1,1
2000,"C & L Enterprises, Inc. v. Citizen Band Potawatomi Indian Tribe of Oklahoma",UNITED STATES,2,1
2000,"C & L Enterprises, Inc. v. Citizen Band Potawatomi Indian Tribe of Oklahoma","Texas, Alabama, Arkansas, Kansas,
Mississippi, Nebraska, and South Dakota",3,0
2000,Atkinson Trading Co. v. Shirley,UNITED STATES,2,1
2000,Atkinson Trading Co. v. Shirley,ASSINIBOINE AND SIOUX TRIBES et al,1,1
2000,Atkinson Trading Co. v. Shirley,CONFEDERATED TRIBES et al,1,1
2000,Atkinson Trading Co. v. Shirley,SHAKOPEE MDEWAKANTON SIOUX et al,1,1
2000,Atkinson Trading Co. v. Shirley,AMERICAN RAILROADS,2,0
2000,Atkinson Trading Co. v. Shirley,Natural gas association,2,0
2000,Atkinson Trading Co. v. Shirley,"PROPER ECONOMIC RESOURCE
MANAGEMENT",2,0
2000,Atkinson Trading Co. v. Shirley,"SOUTH DAKOTA, ALABAMA, COLORADO, FLORIDA,
MICHIGAN, MISSISSIPPI, NORTH DAKOTA, OKLAHOMA AND UTAH",3,0
2000,Atkinson Trading Co. v. Shirley,"ROBERTA BUGENIG, JAMES D. THOMPSON, JULIA R.
THOMPSON, AND PACIFIC LEGAL FOUNDATION",2,0
2000,Idaho v. United States,"BENEWAH COUNTY AND
KOOTENAI COUNTY OF IDAHO",2,0
2000,Idaho v. United States,"CALIFORNIA, ALABAMA, ALASKA, ARKANSAS,
NORTH DAKOTA, OREGON, SOUTH DAKOTA, UTAH, VERMONT, WASHINGTON
AND WYOMING",3,0
2000,Nevada v. Hicks,CONFEDERATED TRIBES et al,1,1
2000,Nevada v. Hicks,Coalition for Local Sovereignty,1,1
2000,Nevada v. Hicks,THE PYRAMID LAKE PAIUTE TRIBE,1,1
2000,Nevada v. Hicks,THLOPTHLOCCO TRIBAL TOWN et al,1,1
2000,Nevada v. Hicks,UNITED STATES,2,1
2000,Nevada v. Hicks,"MONTANA, ALABAMA, ARIZONA, CONNECTICUT, FLORIDA, KANSAS, MICHIGAN, MISSISSIPPI, NORTH DAKOTA, OKLAHOMA, OREGON, RHODE ISLAND, SOUTH CAROLINA, SOUTH DAKOTA, TEXAS, UTAH, WISCONSIN AND WYOMING",3,0
2001,Chickasaw Nation v. United States,"TOWNS OF LEDYARD, NORTH STONINGTON,
AND PRESTON, CONNECTICUT",2,0
2001,Chickasaw Nation v. United States,SEMINOLE TRIBE OF FLORIDA et al,1,1
2001,Chickasaw Nation v. United States,THE SAN MANUEL BAND OF SERRANO MISSION INDIANS,1,1
2001,Chickasaw Nation v. United States,SHAKOPEE MDEWAKANTON,1,1
2001,Chickasaw Nation v. United States,MUSCOGEE,1,1
2001,Chickasaw Nation v. United States,LOWER SIOUX INDIAN et al,1,1
2002,"Inyo County, Cal. v. Paiute-Shoshone Indians of the Bishop Community of the Bishop Colony","Individual Tribes, NCAI et al",1,1
2002,"Inyo County, Cal. v. Paiute-Shoshone Indians of the Bishop Community of the Bishop Colony","New Mexico, Arizona, Montana, and Washington",3,3
2002,"Inyo County, Cal. v. Paiute-Shoshone Indians of the Bishop Community of the Bishop Colony",United South and Eastern Tribes,1,1
2002,"Inyo County, Cal. v. Paiute-Shoshone Indians of the Bishop Community of the Bishop Colony",National Sheriffs' Association,2,0
2002,"Inyo County, Cal. v. Paiute-Shoshone Indians of the Bishop Community of the Bishop Colony","California, Alabama, Connecticut, Florida,
Iowa, Kansas, Oklahoma, Oregon, South Dakota, and Utah",3,0
2002,"Inyo County, Cal. v. Paiute-Shoshone Indians of the Bishop Community of the Bishop Colony",United States,2,3
2002,US v. Navajo Nation,"Former Secretaries of the Interior Cecil D. Andrus, Bruce Babbitt,
Manuel Lujan, Jr., and Stewart L. Udall",3,1
2002,US v. Navajo Nation,Law Professors,2,1
2002,U.S. v. White Mountain Apache Tribe,NATIONAL CONGRESS OF AMERICAN INDIANS,1,1
2002,US v. Navajo Nation,"MISSISSIPPI BAND OF
CHOCTAW INDIANS",1,1
2002,US v. Navajo Nation,"JICARILLA APACHE NATION AND THE
PUEBLO OF LAGUNA",1,1
2002,US v. Navajo Nation,"States of New Mexico, Arizona, and Utah",3,1
2002,US v. Navajo Nation,Peabody Western Coal Company and Southern California Edison Company,2,0
2002,US v. Navajo Nation,NCAI,1,1
2003,United States v Lara,National Association of Criminal Defense Lawyers,2,0
2003,United States v Lara,Citizens Equal Rights Foundation,2,0
2003,United States v Lara,"Lewis County, Idaho, Mille Lacs County, Minnesota, and Thurston
County Nebraska",2,0
2003,United States v Lara,Morris family,2,0
2003,United States v Lara,"Washington, Arizona, California, Colorado, Michigan, Montana, New Mexico, Oregon",3,1
2003,United States v Lara,National Congress of American Indians,1,1
2003,United States v Lara,"Idaho, Alabama, Louisiana, Nebraska, South Dakota",3,1
2003,United States v Lara,Eighteen American Indian Tribes,1,1
2003,South Florida Water Management Dist. v. Miccosukee Tribe of Indians,National Wildlife Federation,2,1
2003,South Florida Water Management Dist. v. Miccosukee Tribe of Indians,"New York, Connecticut, Illinois, Kentucky, Maine, Massachusetts, Michigan, Missouri, New Jersey, North Carolina, Oklahoma, Vermont, and Washington",3,1
2003,South Florida Water Management Dist. v. Miccosukee Tribe of Indians,Tongue & Yellowstone River Irrigation District,2,1
2003,South Florida Water Management Dist. v. Miccosukee Tribe of Indians,Department of Environmental,2,1
2003,South Florida Water Management Dist. v. Miccosukee Tribe of Indians,"Florida Wildlife Federation,",2,1
2003,South Florida Water Management Dist. v. Miccosukee Tribe of Indians,Former Administrator of the United States Environmental Protection Agency,2,1
2003,South Florida Water Management Dist. v. Miccosukee Tribe of Indians,National Tribal Environmental Council,1,1
2003,South Florida Water Management Dist. v. Miccosukee Tribe of Indians,Association of State Wetland Managers,2,1
2003,South Florida Water Management Dist. v. Miccosukee Tribe of Indians,Trout Unlimited Inc et al.,2,1
2003,South Florida Water Management Dist. v. Miccosukee Tribe of Indians,Florida Fruit and Vegetable Assocation et al,2,0
2003,South Florida Water Management Dist. v. Miccosukee Tribe of Indians,Idaho Governor Dirk Kempthorne,2,0
2003,South Florida Water Management Dist. v. Miccosukee Tribe of Indians,Pacific Legal Foundation,2,0
2003,South Florida Water Management Dist. v. Miccosukee Tribe of Indians,"City of Weston, Florida",2,0
2003,South Florida Water Management Dist. v. Miccosukee Tribe of Indians,Lake Worth Drainage District et al,2,0
2003,South Florida Water Management Dist. v. Miccosukee Tribe of Indians,National Water Resources Association et al,2,0
2003,South Florida Water Management Dist. v. Miccosukee Tribe of Indians,National League of Cities et al,2,0
2003,South Florida Water Management Dist. v. Miccosukee Tribe of Indians,Colorado and New Mexico,3,0
2003,South Florida Water Management Dist. v. Miccosukee Tribe of Indians,United States,2,0
2003,South Florida Water Management Dist. v. Miccosukee Tribe of Indians,National Association of Home Builders,2,0
2003,South Florida Water Management Dist. v. Miccosukee Tribe of Indians,Utility Water Act Group,2,0
2003,South Florida Water Management Dist. v. Miccosukee Tribe of Indians,City of New York,2,0
2003,South Florida Water Management Dist. v. Miccosukee Tribe of Indians,Nationwide Public Projects Coalition et al,2,0
2004,City of Sherrill v. Oneida Indian Nation of New York,New York Counties,2,0
2004,City of Sherrill v. Oneida Indian Nation of New York,Citizens Equal Rights,2,0
2004,City of Sherrill v. Oneida Indian Nation of New York,New York,3,0
2004,City of Sherrill v. Oneida Indian Nation of New York, PUYALLUP TRIBE et al,1,1
2004,City of Sherrill v. Oneida Indian Nation of New York,UNITED SOUTH AND EASTERN TRIBES,1,1
2004,City of Sherrill v. Oneida Indian Nation of New York,National Congress of American Indians,1,1
2004,City of Sherrill v. Oneida Indian Nation of New York,Cayuga Nation of NY,1,1
2004,City of Sherrill v. Oneida Indian Nation of New York,United States,2,1
2004,Cherokee Nation of Oklahoma v. Leavitt,Chamber of Commerce et al,2,3
2004,Cherokee Nation of Oklahoma v. Leavitt,Seldovia Village Tribe,1,3
2004,Cherokee Nation of Oklahoma v. Leavitt,National Congress of American Indians,1,3
2004,Cherokee Nation of Oklahoma v. Leavitt,Tunica Biloxi Tribe et al,1,3
2005,Gonzales v. O Centro Espirita Beneficente Uniao do Vegetal,United States Conference of Catholic Bishops,2,1
2005,Gonzales v. O Centro Espirita Beneficente Uniao do Vegetal,PhD Group,2,1
2005,Gonzales v. O Centro Espirita Beneficente Uniao do Vegetal,Liberty Legal Institute,2,1
2005,Gonzales v. O Centro Espirita Beneficente Uniao do Vegetal,Various Religious and Civil Rights Organizations,2,1
2005,Gonzales v. O Centro Espirita Beneficente Uniao do Vegetal,"Baptist Joint Committee, the National Association of Evangelicals and other Religious and Public Policy Organizations",2,1
2005,Gonzales v. O Centro Espirita Beneficente Uniao do Vegetal,"Dr. John H. Halpern, Dr. Juan Sanchez-Ramos, and
Prof. Jimmy Gurule,",2,1
2005,Gonzales v. O Centro Espirita Beneficente Uniao do Vegetal,Council on Spiritual Practices,2,1
2005,Gonzales v. O Centro Espirita Beneficente Uniao do Vegetal,"International Academy for Freedom of Religion and Belief
and the International Commission on Freedom of Conscience",2,1
2005,Gonzales v. O Centro Espirita Beneficente Uniao do Vegetal,Douglas Laycock,2,1
2005,Gonzales v. O Centro Espirita Beneficente Uniao do Vegetal,Tort Claimants' Committee,2,3
2005,Wagnon v. Prairie Band Potawatomi Nation,"States of South Dakota, Alaska, California, Connecticut, Idaho, Michigan, Missouri, Nevada, New Mexico, North Dakota, Oklahoma, Pennsylvania, Utah and Wyoming",3,0
2005,Wagnon v. Prairie Band Potawatomi Nation,MULTISTATE TAX COMMISSION,2,0
2005,Wagnon v. Prairie Band Potawatomi Nation,National Association of convenience stores et al.,2,0
2005,Wagnon v. Prairie Band Potawatomi Nation,UNITED STATES,2,1
2005,Wagnon v. Prairie Band Potawatomi Nation,National Intertribal Tax Alliance et al.,1,1
2005,Wagnon v. Prairie Band Potawatomi Nation,"NCAI, CONFEDERATED TRIBES OF THE WARM SPRINGS INDIAN RESERVATION, PUEBLOS OF ISLETA, SANDIA AND ZIA, SISSETON WAHPETON SIOUX TRIBE, SKULL VALLEY BAND OF GOSHUTE INDIANS, TULALIP TRIBES, AND WINNEBAGO TRIBE",1,1
2005,Wagnon v. Prairie Band Potawatomi Nation,SAC AND FOX NATION et al.,1,1
2005,Wagnon v. Prairie Band Potawatomi Nation,Intertribal transport association et al,1,1
2006,"Zuni Public School District, et al. v. Department of Education, et al",STATE OF ALASKA,3,0
2006,Massachusetts v. EPA,Pacific Legal Foundation,2,0
2006,Massachusetts v. EPA,"Cato Institue and Law Professors Jonathan H. Adler, James L.Huffman, and Andrew P. Morriss",2,0
2006,Massachusetts v. EPA,Union for Jobs and the Environment,2,0
2006,Massachusetts v. EPA,Washington Legal Foundation,2,0
2006,Massachusetts v. EPA,"William J. Baumol, Robert W. Crandall, Robert W. Hahn, Paul L. Joskow,
Robert E. Litan, and Richard L. Schmalensee",2,0
2006,Massachusetts v. EPA,"William H. Taft, IV",2,0
2006,Massachusetts v. EPA,"Robert H. Bork, Ronald A. Cass, Douglas W. Kmiec, Ronald D. Rotunda,
And John Yoo",2,0
2006,Massachusetts v. EPA,"Alaska Inter-Tribal Council, Council of Athabascan Tribal Governments,
and Resisting Environmental Destruction on Indigenous Lands",1,1
2006,Massachusetts v. EPA,Entergy Corporation,2,1
2006,Massachusetts v. EPA,Calpine Corporation,2,1
2006,Massachusetts v. EPA,"Arizona, Iowa, Maryland, Minnesota, And Wisconsin",3,1
2006,Massachusetts v. EPA,Aspen Skiing Company,2,1
2006,Massachusetts v. EPA,Wildlife Conservation Interests,2,1
2006,Massachusetts v. EPA,U.S. Conference of Mayors,2,1
2006,Massachusetts v. EPA,Former EPA Administrators,2,1
2006,Massachusetts v. EPA,Delaware,3,1
2006,Massachusetts v. EPA,North Coast Rivers Alliance,2,1
2006,Massachusetts v. EPA,Ocean and Coastal Conservation,2,1
2006,Massachusetts v. EPA,"National Council of the Churches of Christ in the U.S.A., Church World Service, and National Catholic Rural Life Conference",2,1
2006,Massachusetts v. EPA,Madeleine K. Albright,2,1
2006,Massachusetts v. EPA,Climate Scientists,2,1
2006,"BP America v. Burton, et al.",MOUNTAIN STATES LEGAL FOUNDATION,2,0
2006,"BP America v. Burton, et al.",AMERICAN PETROLEUM INSTITUTE,2,0
2006,"BP America v. Burton, et al.",JICARILLA APACHE NATION,1,1
2007,"Plains Commerce Bank v. Long Family Land and Cattle Company, Inc., et al.","THE STATES OF
IDAHO, ALASKA, FLORIDA, OKLAHOMA,
NORTH DAKOTA, SOUTH DAKOTA,
UTAH, WASHINGTON, AND WISCONSIN ",3,0
2007,"Plains Commerce Bank v. Long Family Land and Cattle Company, Inc., et al.","AMERICAN BANKERS ASSOCIATION AND
SOUTH DAKOTA BANKERS ASSOCIATION ",2,0
2007,"Plains Commerce Bank v. Long Family Land and Cattle Company, Inc., et al.",ASSOCIATION OF AMERICAN RAILROADS,2,0
2007,"Plains Commerce Bank v. Long Family Land and Cattle Company, Inc., et al.","MOUNTAIN STATES
LEGAL FOUNDATION",2,0
2007,"Plains Commerce Bank v. Long Family Land and Cattle Company, Inc., et al.","IDAHO COUNTY AND LEWIS
COUNTY, IDAHO; CASS COUNTY AND
MAHNOMEN COUNTY, MINNESOTA",2,0
2007,"Plains Commerce Bank v. Long Family Land and Cattle Company, Inc., et al.",CHEYENNE RIVER SIOUX TRIBE,1,1
2007,"Plains Commerce Bank v. Long Family Land and Cattle Company, Inc., et al.","THE NATIONAL AMERICAN INDIAN COURT JUDGES
ASSOCIATION, THE NAVAJO NATION, AND THE NORTHWEST
INTERTRIBAL COURT SYSTEM",1,1
2007,"Plains Commerce Bank v. Long Family Land and Cattle Company, Inc., et al.","The National Network to end domestic violence, sacred circle national resource center to end violence against native women",1,1
2007,"Plains Commerce Bank v. Long Family Land and Cattle Company, Inc., et al.",THE UNITED STATES,2,1
2007,"Plains Commerce Bank v. Long Family Land and Cattle Company, Inc., et al.",NATIONAL CONGRESS OF AMERICAN INDIANS,1,1
2007,Exxon v. Baker,AMERICAN PETROLEUM INSTITUTE et al,2,0
2007,Exxon v. Baker,International shipping et al.,2,0
2007,Exxon v. Baker,"PRODUCT LIABILITY ADVISORY COUNCIL, INC.",2,0
2007,Exxon v. Baker,"TRANSPORTATION INSTITUTE, INTERNATIONAL ASSOCIATION OF INDEPENDENT TANKER OWNERS",2,0
2007,Exxon v. Baker,THE CHAMBER OF COMMERCE OF THE UNITED STATES OF AMERICA,2,0
2007,Exxon v. Baker,WASHINGTON LEGAL FOUNDATION,2,0
2007,Exxon v. Baker,"American Maritime Safety, Inc.",2,0
2007,Exxon v. Baker,Alaska State Legislature,2,1
2007,Exxon v. Baker,AMERICAN ASSOCIATION FOR JUSTICE AND PUBLIC JUSTICE,2,1
2007,Exxon v. Baker,PACIFIC COAST FEDERATION OF FISHERMEN’S ASSOCIATIONS,2,1
2007,Exxon v. Baker,JEAN-MICHEL COUSTEAU AND OTHER NATURAL AND SOCIAL SCIENTISTS,2,1
2007,Exxon v. Baker,TRUSTEES FOR ALASKA et al,2,1
2007,Exxon v. Baker,EXPERTS ON ALCOHOL IN THE WORKPLACE,2,1
2007,Exxon v. Baker,NATIONAL FISHERIES INSTITUTE,2,1
2007,Exxon v. Baker,NATIONAL CONGRESS OF AMERICAN INDIANS et al.,1,1
2007,Exxon v. Baker,PROFESSOR ARTHUR R. MILLER,2,1
2007,Exxon v. Baker,PRINCE WILLIAM SOUND REGIONAL CITIZENS’ ADVISORY COUNCIL AND COOK INLET REGIONAL CITIZENS’ ADVISORY COUNCIL,2,1
2007,Exxon v. Baker,"SOCIOLOGISTS, PSYCHOLOGISTS, AND LAW AND ECONOMICS SCHOLARS",2,1
2007,Exxon v. Baker,SHIP MASTERS AND EXPERT MARINERS CAPTAINS,2,1
2007,Exxon v. Baker,State of Alaska,3,1
2007,Exxon v. Baker,STATE OF MARYLAND AND 33 OTHER STATES,3,1
2007,Exxon v. Baker,UNITED STATES SENATORS,2,1
2007,Crawford v. Marion County Election Board ,AARP AND NATIONAL SENIOR CITIZENS LAW CENTER,2,1
2007,Crawford v. Marion County Election Board ,"ASIAN AMERICAN
JUSTICE CENTER",2,1
2007,Crawford v. Marion County Election Board ,ASSOCIATION OF COMMUNITY ORGANIZATIONS FOR REFORM NOW,2,1
2007,Crawford v. Marion County Election Board ,ASIAN AMERICAN LEGAL DEFENSE AND EDUCATION FUND,2,1
2007,Crawford v. Marion County Election Board ,THE BRENNAN CENTER,2,1
2007,Crawford v. Marion County Election Board ,CHRISTOPHER S. ELMENDORF AND DANIEL P. TOKAJI,2,1
2007,Crawford v. Marion County Election Board ,"CYBER PRIVACY PROJECT, PRIVACY JOURNAL",2,1
2007,Crawford v. Marion County Election Board ,ELECTRONIC PRIVACY INFORMATION CENTER et al.,2,1
2007,Crawford v. Marion County Election Board ,HISTORIANS AND OTHER SCHOLARS,2,1
2007,Crawford v. Marion County Election Board ,Four Doctors,2,1
2007,Crawford v. Marion County Election Board ,LAWYERS’ COMMITTEE FOR CIVIL RIGHTS et al.,2,1
2007,Crawford v. Marion County Election Board ,LEAGUE OF WOMEN VOTERS,2,1
2007,Crawford v. Marion County Election Board ,MEXICAN AMERICAN LEGAL DEFENSE,2,1
2007,Crawford v. Marion County Election Board ,NAACP LEGAL OF THE NAACP LEGAL DEFENSE AND DEFENSE AND EDUCATIONAL FUND,2,1
2007,Crawford v. Marion County Election Board ,NATIONAL LAW CENTER ON HOMELESSNESS & POVERTY,2,1
2007,Crawford v. Marion County Election Board ,"NATIONAL CONGRESS OF AMERICAN INDIANS, NAVAJO NATION, AND AGNES LAUGHTER",1,1
2007,Crawford v. Marion County Election Board ,"R. MICHAEL ALVAREZ, LONNA RAE ATKESON, DELIA BAILEY, THAD E. HALL, AND ANDREW D. MARTIN",2,1
2007,Crawford v. Marion County Election Board ,RICHARD L. HASEN,2,1
2007,Crawford v. Marion County Election Board ,"ROCK THE VOTE, NATIONAL BLACK LAW STUDENTS ASSOCIATION, NATIONAL BLACK GRADUATE STUDENT ASSOCIATION, THE FEMINIST MAJORITY FOUNDATION AND THE STUDENT ASSOCIATION FOR VOTER EMPOWERMENT",2,1
2007,Crawford v. Marion County Election Board ,Rutherford Institute,2,1
2007,Crawford v. Marion County Election Board ,CURRENT AND FORMER STATE SECRETARIES OF STATE,2,1
2007,Crawford v. Marion County Election Board ,"UNITED STATES SENATOR DIANNE FEINSTEIN, UNITED STATES REPRESENTATIVE ROBERT A. BRADY, AND UNITED STATES REPRESENTATIVE ZOE LOFGREN",2,1
2007,Crawford v. Marion County Election Board ,CONGRESSMAN KEITH ELLISON,2,1
2007,Crawford v. Marion County Election Board ,UNITED STATES,2,0
2007,Crawford v. Marion County Election Board ,Prof Chemerinsky,2,3
2007,Carcieri v. Salazar,NARRAGANSETT INDIAN TRIBE,1,1
2007,Carcieri v. Salazar,LAW PROFESSORS SPECIALIZING IN FEDERAL INDIAN LAW,1,1
2007,Carcieri v. Salazar,NATIONAL CONGRESS OF AMERICAN INDIANS A,1,1
2007,Carcieri v. Salazar,"HISTORIANS FREDERICK E. HOXIE, PAUL C. ROSIER, AND CHRISTIAN W. MCMILLEN",2,1
2007,Carcieri v. Salazar,"Sioux Tribe, nottawaseppi huron etc",1,1
2007,Carcieri v. Salazar,"COUNCIL OF STATE GOVERNMENTS, NATIONAL LEAGUE OF CITIES, U.S. CONFERENCE OF MAYORS, NATIONAL ASSOCIATION OF COUNTIES, AND INTERNATIONAL CITY/COUNTY MANAGEMENT ASSOCIATION",2,0
2007,Carcieri v. Salazar,"STATES OF ALABAMA, ALASKA, ARKANSAS, CONNECTICUT, FLORIDA, ILLINOIS, IOWA, KANSAS, LOUISIANA, MASSACHUSETTS, MISSISSIPPI, MISSOURI, NEBRASKA, NEW JERSEY, NORTH DAKOTA, OHIO, OKLAHOMA, PENNSYLVANIA, SOUTH DAKOTA, TEXAS AND UTAH",3,0
2007,Carcieri v. Salazar,Rhode Island,3,0
2007,Carcieri v. Salazar,"CITIZENS EQUAL RIGHTS FOUNDATION and THE RISC FOUNDATION, INC.",2,0
2008,U.S. v. Navajo Nation ,AMICI CURIAE PEABODY WESTERN COAL COMPANY AND SOUTHERN CALIFORNIA EDISON COMPANY,2,0
2008,U.S. v. Navajo Nation ," INTERIOR CECIL D. ANDRUS,
BRUCE BABBITT, MANUEL LUJAN, JR., AND
STEWART L. UDAL",2,1
2008,U.S. v. Navajo Nation ,INDIAN LAW SCHOLARS,2,1
2008,U.S. v. Navajo Nation ,"NATIONAL CONGRESS
OF AMERICAN INDIANS, THE ASSINIBOINE AND
SIOUX TRIBES OF THE FORT PECK
RESERVATION, STANDING ROCK SIOUX TRIBE,
THE FOREST COUNTY POTAWATOMI
COMMUNITY, PUEBLO OF ISLETA, NEZ PERCE
TRIBE, THE CONFEDERATED SALISH AND
KOOTENAI TRIBES OF THE FLATHEAD
RESERVATION AND THE CONFEDERATED TRIBES
OF THE UMATILLA INDIAN RESERVATION",1,1
2008,U.S. v. Navajo Nation ,"STATES OF NEW MEXICO, ARIZONA, AND UTAH",3,1
2008,Hawaii v. Office of Hawaiian Affairs,"STATES OF WASHINGTON, ALABAMA, ALASKA, ARIZONA, COLORADO, FLORIDA,
GEORGIA, IDAHO, ILLINOIS, INDIANA, IOWA, KANSAS,
KENTUCKY, LOUISIANA, MARYLAND, MICHIGAN,
MISSISSIPPI, NEBRASKA, NEW HAMPSHIRE,
NEW MEXICO, NORTH CAROLINA, NORTH DAKOTA,
OHIO, OKLAHOMA, OREGON, PENNSYLVANIA,
RHODE ISLAND, SOUTH CAROLINA, SOUTH DAKOTA,
UTAH, VERMONT, AND WYOMING",3,0
2008,Hawaii v. Office of Hawaiian Affairs, UNITED STATES,2,0
2008,Hawaii v. Office of Hawaiian Affairs,"GRASSROOT INSTITUTE OF HAWAII AND
SOUTHEASTERN LEGAL FOUNDATION",2,0
2008,Hawaii v. Office of Hawaiian Affairs,MOUNTAIN STATES LEGAL FOUNDATION,2,0
2008,Hawaii v. Office of Hawaiian Affairs,"PACIFIC LEGAL FOUNDATION,
THE CATO INSTITUTE, AND THE
CENTER FOR EQUAL OPPORTUNITY",2,0
2008,Hawaii v. Office of Hawaiian Affairs,CENTER FOR CONSTITUTIONAL JURISPRUDENCE,2,0
2008,Hawaii v. Office of Hawaiian Affairs,"ALASKA FEDERATION OF NATIVES, INC",1,1
2008,Hawaii v. Office of Hawaiian Affairs,"EQUAL JUSTICE SOCIETY AND
JAPANESE AMERICAN CITIZENS LEAGUE",2,1
2008,Hawaii v. Office of Hawaiian Affairs,"ABIGAIL KINOIKI KEKAULIKE
KAWANANAKOA ",1,1
2008,Hawaii v. Office of Hawaiian Affairs,"CURRENT AND FORMER HAWAII
STATE OFFICIALS",2,1
2008,Hawaii v. Office of Hawaiian Affairs,THE HAWAI‘I CONGRESSIONAL DELEGATION,2,1
2008,Hawaii v. Office of Hawaiian Affairs,Samuel L. Kealoha Jr.,2,1
2008,Hawaii v. Office of Hawaiian Affairs,Asian American Justice Center_et al,2,1
2008,Hawaii v. Office of Hawaiian Affairs,"THE NATIVE HAWAIIAN LEGAL CORPORATION,
ASSOCIATION OF HAWAIIAN CIVIC CLUBS,
HAWAI‘I MAOLI, NATIVE HAWAIIAN
CHAMBER OF COMMERCE,
‘ILIO‘ULAOKALANI COALITION, COUNCIL
FOR NATIVE HAWAIIAN ADVANCEMENT,
AND I MUA GROUP",1,1
2008,Hawaii v. Office of Hawaiian Affairs," NATIONAL CONGRESS
OF AMERICAN INDIANS",1,1
2008,Hawaii v. Office of Hawaiian Affairs,"THE SOVEREIGN COUNCILS OF THE
HAWAIIAN HOMELANDS ASSEMBLY,
NA ‘A‘AHUHIWA, THE NATIVE HAWAIIAN BAR
ASSOCIATION, HUI KAKO’O ‘AINA HO’O
PULAPULA, AND ‘AHAHUI O HAWAI’I",1,1
2009,United States v. TOHONO O’ODHAM NATION,PROFESSOR GREGORY C. SISK,2,3
2009,United States v. TOHONO O’ODHAM NATION,THE CHAMBER OF COMMERCE OF THE UNITED STATES OF AMERICA,2,1
2009,United States v. TOHONO O’ODHAM NATION,COLORADO RIVER INDIAN TRIBES AND NATIONAL CONGRESS OF AMERICAN INDIANS,1,1
2009,United States v. TOHONO O’ODHAM NATION,OSAGE NATION,1,1
2009,United States v. TOHONO O’ODHAM NATION,THE NATIONAL ASSOCIATION OF HOME BUILDERS,2,1
2010,United States v. Jicarilla Apache Nation,"THE NAVAJO NATION
AND THE PUEBLO OF LAGUNA",1,1
2010,United States v. Jicarilla Apache Nation,"NATIONAL CONGRESS OF
AMERICAN INDIANS AND FEDERAL BAR
ASSOCIATION – INDIAN LAW SECTION ",1,1
2010,Madison County v. Oneida Indian Nation,"CALIFORNIA STATE
ASSOCIATION OF COUNTIES",2,0
2010,Madison County v. Oneida Indian Nation,CAYUGA COUNTY AND SENECA COUNTY,2,0
2010,Madison County v. Oneida Indian Nation,"THE STATES OF NEW YORK, ALABAMA,
COLORADO, FLORIDA, IDAHO, ILLINOIS,
MICHIGAN, NEW MEXICO, NORTH DAKOTA,
SOUTH DAKOTA, UTAH, AND WYOMING",3,0
2010,Madison County v. Oneida Indian Nation,Town of Lenox,2,0
2010,Madison County v. Oneida Indian Nation,"CITIZENS EQUAL RIGHTS
FOUNDATION, CITIZENS EQUAL RIGHTS
ALLIANCE AND CENTRAL NEW YORK
FAIR BUSINESS",2,0
2010,Madison County v. Oneida Indian Nation,"ONEIDA LANDOWNERS, INC.",2,0
2011,Salazar v. Ramah Navajo Chapter,"THE ARCTIC
SLOPE NATIVE ASSOCIATION, LTD",1,1
2011,Salazar v. Ramah Navajo Chapter,"NATIONAL CONGRESS OF
AMERICAN INDIANS AND A COALITION OF
INDIAN TRIBES AND TRIBAL ORGANIZATIONS",1,1
2011,Salazar v. Ramah Navajo Chapter,"THE CHAMBER OF COMMERCE
OF THE UNITED STATES OF AMERICA
AND THE NATIONAL DEFENSE INDUSTRIAL
ASSOCIATION",2,1
2011,Salazar v. Patchak ,"NATIONAL CONGRESS OF
AMERICAN INDIANS AND NATIVE AMERICAN
FINANCE OFFICERS ASSOCIATION",1,1
2011,Salazar v. Patchak ,"WAYLAND TOWNSHIP, WAYLAND
AREA CHAMBER OF COMMERCE AND
OTHER LOCAL GOVERNMENTS AND
BUSINESS ASSOCIATIONS",2,0
2011,Arctic Slope Native Association v. Sebelius,"THE CHAMBER OF COMMERCE
OF THE UNITED STATES OF AMERICA AND THE
NATIONAL DEFENSE INDUSTRIAL ASSOCIATION",2,0
2012,ADOPTIVE COUPLE V. BABY GIRL,"AMERICAN ACADEMY OF
ADOPTION ATTORNEYS",2,0
2012,ADOPTIVE COUPLE V. BABY GIRL,"PROFESSOR JOAN HEIFETZ
HOLLINGER, PROFESSOR ELIZABETH
BARTHOLET, CENTER FOR ADOPTION
POLICY, AND ADVOKIDS",2,0
2012,ADOPTIVE COUPLE V. BABY GIRL,NATIONAL COUNCIL FOR ADOPTION,2,0
2012,ADOPTIVE COUPLE V. BABY GIRL,"CHRISTIAN ALLIANCE FOR INDIAN CHILD
WELFARE",2,0
2012,ADOPTIVE COUPLE V. BABY GIRL,CHILD ADVOCACY ORGANIZATIONS ,2,0
2012,ADOPTIVE COUPLE V. BABY GIRL,"BONNIE
AND SHANNON HOFER; ROGER, LOREAL,
AND SIERRA LAUDERBAUGH; AND CRAIG AND
ESTHER ADAMS",2,0
2012,ADOPTIVE COUPLE V. BABY GIRL," ADOPTIVE PARENTS
COMMITTEE, INC",2,0
2012,ADOPTIVE COUPLE V. BABY GIRL,Birth Mother,2,0
2012,ADOPTIVE COUPLE V. BABY GIRL,"HONORABLE ABBY ABINANTI,
CHIEF JUSTICE OF THE YUROK TRIBAL
COURT ",1,1
2012,ADOPTIVE COUPLE V. BABY GIRL,ADULT PRE-ICWA INDIAN ADOPTEES,1,1
2012,ADOPTIVE COUPLE V. BABY GIRL,"NATIONAL NATIVE
AMERICAN BAR ASSOCIATION",1,1
2012,ADOPTIVE COUPLE V. BABY GIRL,WISCONSIN TRIBES ,1,1
2012,ADOPTIVE COUPLE V. BABY GIRL,"SEMINOLE NATION OF
OKLAHOMA",1,1
2012,ADOPTIVE COUPLE V. BABY GIRL,"OKLAHOMA INDIAN
CHILD WELFARE ASSOCIATION",1,1
2012,ADOPTIVE COUPLE V. BABY GIRL,NAVAJO NATION,1,1
2012,ADOPTIVE COUPLE V. BABY GIRL,"LOWER SIOUX INDIAN
COMMUNITY, BOIS FORTE BAND OF CHIPPEWA,
PRAIRIE ISLAND INDIAN COMMUNITY, FOND DU
LAC BAND OF LAKE SUPERIOR CHIPPEWA,
WHITE EARTH BAND OF OJIBWE, THE
SHAKOPEE MDEWAKANTON SIOUX COMMUNITY,
THE GRAND PORTAGE BAND OF LAKE SUPERIOR
CHIPPEWA, UPPER SIOUX COMMUNITY, THE
LEECH LAKE BAND OF OJIBWE, THE MILLE
LACS BAND OF OJIBWE, THE RED LAKE NATION,
THE MINNESOTA CHIPPEWA TRIBE,
AND THE INDIAN CHILD WELFARE ACT LAW
CENTER",1,1
2012,ADOPTIVE COUPLE V. BABY GIRL, 63 CALIFORNIA INDIAN TRIBES,1,1
2012,ADOPTIVE COUPLE V. BABY GIRL,"THE INTER TRIBAL COUNCIL
OF ARIZONA, AK-CHIN INDIAN COMMUNITY,
COLORADO RIVER INDIAN TRIBES, FORT
MCDOWELL YAVAPAI NATION, HOPI TRIBE,
THE PASCUA YAQUI TRIBE OF ARIZONA,
AND TOHONO O’ODHAM NATION",1,1
2012,ADOPTIVE COUPLE V. BABY GIRL,"TANANA CHIEFS
CONFERENCE, BRISTOL BAY NATIVE
ASSOCIATION, ASSOCIATION OF VILLAGE
COUNCIL PRESIDENTS, CENTRAL COUNCIL
OF TLINGIT AND HAIDA INDIAN TRIBES OF
ALASKA, ALEUTIAN PRIBILOF ISLANDS
ASSOCIATION, NATIVE VILLAGE OF BARROW,
AND THE ORUTSARAMIUT NATIVE COUNCIL",1,1
2012,ADOPTIVE COUPLE V. BABY GIRL,"SEMINOLE TRIBE OF FLORIDA, ET AL",1,1
2012,ADOPTIVE COUPLE V. BABY GIRL,"ASSOCIATION
ON AMERICAN INDIAN AFFAIRS,
NATIONAL CONGRESS OF AMERICAN
INDIANS, NATIONAL INDIAN CHILD
WELFARE ASSOCIATION, INDIAN TRIBES,
AND OTHER INDIAN ORGANIZATIONS",1,1
2012,ADOPTIVE COUPLE V. BABY GIRL,PROFESSORS OF INDIAN LAW,2,1
2012,ADOPTIVE COUPLE V. BABY GIRL,"THE HAMLINE UNIVERSITY
SCHOOL OF LAW CHILD ADVOCACY CLINIC",2,1
2012,ADOPTIVE COUPLE V. BABY GIRL,FAMILY LAW PROFESSORS,2,1
2012,ADOPTIVE COUPLE V. BABY GIRL,"AMERICAN CIVIL LIBERTIES
UNION AND THE ACLU OF SOUTH CAROLINA",2,1
2012,ADOPTIVE COUPLE V. BABY GIRL,"NATIONAL LATINA/O PSYCHOLOGICAL
ASSOCIATION, ASIAN-AMERICAN
PSYCHOLOGICAL ASSOCIATION, ASSOCIATION
OF BLACK PSYCHOLOGISTS, AND SOCIETY
OF INDIAN PSYCHOLOGISTS",2,1
2012,ADOPTIVE COUPLE V. BABY GIRL,"FRIENDS COMMITTEE ON
NATIONAL LEGISLATION, ET AL",2,1
2012,ADOPTIVE COUPLE V. BABY GIRL,"CASEY FAMILY PROGRAMS, CHILD
WELFARE LEAGUE OF AMERICA, CHILDREN’S
DEFENSE FUND, DONALDSON ADOPTION
INSTITUTE, NORTH AMERICAN COUNCIL ON
ADOPTABLE CHILDREN, VOICE FOR ADOPTION,
AND TWELVE OTHER NATIONAL CHILD
WELFARE ORGANIZATIONS",2,1
2012,ADOPTIVE COUPLE V. BABY GIRL,"CURRENT AND
FORMER MEMBERS OF CONGRESS",2,1
2012,ADOPTIVE COUPLE V. BABY GIRL,"MINNESOTA
DEPARTMENT OF HUMAN SERVICES AND
MINNESOTA OMBUDSPERSON FOR AMERICAN
INDIAN FAMILIES",2,1
2012,ADOPTIVE COUPLE V. BABY GIRL,"ARIZONA, ALASKA,
CALIFORNIA, COLORADO, CONNECTICUT, GEORGIA,
IDAHO, ILLINOIS, MAINE, MICHIGAN, MISSISSIPPI,
MONTANA, NEW MEXICO, NEW YORK, NORTH DAKOTA,
OREGON, WASHINGTON AND WISCONSIN",3,1
2012,ADOPTIVE COUPLE V. BABY GIRL,UNITED STATES,2,1
2013,MICHIGAN V. BAY MILLS INDIAN COMMUNITY,United States,2,1
2013,MICHIGAN V. BAY MILLS INDIAN COMMUNITY,Indian Law Scholars,2,1
2013,MICHIGAN V. BAY MILLS INDIAN COMMUNITY,Seminole Tribe,1,1
2013,MICHIGAN V. BAY MILLS INDIAN COMMUNITY,"THE NATIONAL CONGRESS OF AMERICAN INDIANS, THE NATIONAL INDIAN GAMING ASSOCIATION, THE AFFILIATED TRIBES OF NORTHWEST INDIANS, THE COUNCIL FOR ATHABASCAN TRIBAL GOVERNMENTS, AND 51 FEDERALLY RECOGNIZED INDIAN TRIBES",1,1
2013,MICHIGAN V. BAY MILLS INDIAN COMMUNITY,Alabama,3,0
2013,MICHIGAN V. BAY MILLS INDIAN COMMUNITY,Oklahoma,3,0
2014,Knight v. Thompson,NATIONAL CONGRESS OF AMERICAN INDIANS AND HUY,1,1
2014,Dollar General Corporation v. Mississippi Band of Choctaw Indians ,AMERICAN CIVIL LIBERTIES UNION AND THE ACLU,2,1
2014,Dollar General Corporation v. Mississippi Band of Choctaw Indians ,"HISTORIANS AND LEGAL SCHOLARS GREGORY ABLAVSKY, BETHANY R. BERGER, NED BLACKHAWK, DANIEL CARPENTER, MATTHEW L.M. FLETCHER, MAGGIE MCKINLEY, AND JOSEPH WILLIAM SINGER",2,1
2014,Dollar General Corporation v. Mississippi Band of Choctaw Indians ,"NATIONAL CONGRESS OF AMERICAN INDIANS, ET AL",1,1
2014,Dollar General Corporation v. Mississippi Band of Choctaw Indians ,NATIONAL INDIGENOUS WOMEN’S RESOURCE CENTER AND ADDITIONAL ADVOCACY ORGANIZATIONS FOR SURVIVORS OF DOMESTIC VIOLENCE AND ASSAULT,1,1
2014,Dollar General Corporation v. Mississippi Band of Choctaw Indians ,"CHEROKEE NATION, THE CHICKASAW NATION, THE CHOCTAW NATION OF OKLAHOMA, THE MUSCOGEE (CREEK) NATION, THE SEMINOLE NATION OF OKLAHOMA, AND THE INTER-TRIBAL COUNCIL OF THE FIVE CIVILIZED TRIBES",1,1
2014,Dollar General Corporation v. Mississippi Band of Choctaw Indians ,"MISSISSIPPI,
COLORADO, NEW MEXICO, NORTH DAKOTA,
OREGON, AND WASHINGTON",3,1
2014,Dollar General Corporation v. Mississippi Band of Choctaw Indians ,"The Puyallup Tribe Of Indians;
Southern Ute Indian Tribe; Navajo Nation;
Mashantucket Pequot Tribal Nation; Sac And Fox
Nation Tribal Court; Big Valley Band Of Pomo
Indians; Blue Lake Rancheria; Chemehuevi Indian
Tribe; Chicken Ranch Rancheria Of Me-Wuk
Indians; Rincon Band Of Luiseno Mission Indians;
Santa Ynez Band Of Chumash Mission Indians;
Shakopee Mdewakanton Sioux Community Tribal
Court; Northwest Intertribal Court System;
Southwest Intertribal Court of Appeals; American
Indian Law Center, Inc.; The Michigan Tribal State
Federal Judicial Forum; And National American
Indian Court Judges Association",1,1
2014,Dollar General Corporation v. Mississippi Band of Choctaw Indians ,United States,2,1
2014,Dollar General Corporation v. Mississippi Band of Choctaw Indians ,ASSOCIATION OF AMERICAN RAILROADS,2,0
2014,Dollar General Corporation v. Mississippi Band of Choctaw Indians ,RETAIL LITIGATION CENTER,2,0
2014,Dollar General Corporation v. Mississippi Band of Choctaw Indians ,SOUTH DAKOTA BANKERS ASSOCIATION,2,0
2014,Dollar General Corporation v. Mississippi Band of Choctaw Indians ,"OKLAHOMA, WYOMING, UTAH,
MICHIGAN, ARIZONA, AND ALABAMA",3,0
2015,Menominee Indian Tribe of Wisconsin v. U.S.,"NATIONAL CONGRESS
OF AMERICAN INDIANS",1,1
2015,Nebraska v. Parker,"NATIONAL CONGRESS
OF AMERICAN INDIANS",1,1
2015,Nebraska v. Parker,Historic and legal scholars,2,1
2015,Nebraska v. Parker,United States,2,1
2015,Nebraska v. Parker,"VILLAGE OF HOBART, WISCONSIN AND
PENDER PUBLIC SCHOOLS",2,0
2015,Nebraska v. Parker,"CITIZENS EQUAL RIGHTS
FOUNDATION",2,0
2015,Sturgeon v. Frost,"ALASKA NATIVE
SUBSISTENCE USERS",1,1
2015,Sturgeon v. Frost,"National Parks Conservation Association,
Defenders Of Wildlife, The Wilderness Society,
American Rivers, Center For Biological Diversity,
Sierra Club, Wilderness Watch, Denali Citizens
Council, Copper Country Alliance, Alaska Quiet
Rights Coalition, Northern Alaska Environmental
Center, Friends Of Alaska National Wildlife
Refuges, Alaska Wilderness League",2,1
2015,Sturgeon v. Frost,"ALASKA MINERS ASSOCIATION, INC.,
ALASKA OIL AND GAS ASSOCIATION, ALASKA CHAMBER,
ALASKA FOREST ASSOCIATION, ALASKA CONSERVATION
TRUST, ALASKA SUPPORT INDUSTRY ALLIANCE,
ASSOCIATED GENERAL CONTRACTORS OF ALASKA,
COUNCIL OF ALASKA PRODUCERS, AND RESOURCE
DEVELOPMENT COUNCIL FOR ALASKA, INC",2,0
2015,Sturgeon v. Frost,"ARCTIC SLOPE REGIONAL CORPORATION,
COOK INLET REGION, INC., AND SALAMATOF NATIVE
ASSOCIATION, INC",2,0
2015,Sturgeon v. Frost,Alaska,3,0
2015,Sturgeon v. Frost,SOUTHEASTERN LEGAL FOUNDATION,2,0
2015,Sturgeon v. Frost,"SAFARI CLUB
INTERNATIONAL",2,0
2015,Sturgeon v. Frost,"DOYON, LIMITED, NANA REGIONAL
CORPORATION, CALISTA CORPORATION,
AHTNA, INCORPORATED, THE ALEUT
CORPORATION, BRISTOL BAY NATIVE
CORPORATION, GANA-A’ YOO, LIMITED,
AND TIHTEET’ AII, INCORPORATED",2,0
2015,Sturgeon v. Frost,"UNITED STATES SENATORS
SULLIVAN AND MURKOWSKI AND
REPRESENTATIVE YOUNG",2,0
2015,Sturgeon v. Frost,"PACIFIC LEGAL
FOUNDATION",2,0
2015,US v. Bryant (15-420),PROFESSOR BARBARA L. CREEL AND THE TRIBAL DEFENDER NETWOR,1,3
2015,US v. Bryant (15-420),CRIMINAL JUSTICE ORGANIZATIONS AND SCHOLARS ,2,3
2015,US v. Bryant (15-420),"EQUAL RIGHTS
FOUNDATION",2,3
2015,US v. Bryant (15-420),"NATIONAL
ASSOCIATION OF CRIMINAL DEFENSE
LAWYERS AND EXPERIENCED TRIBAL
COURT CRIMINAL LITIGATORS",2,3
2015,US v. Bryant (15-420),"United States Attorney,
District of Arizona; Paul K. Charlton, Former United States
Attorney, District of Arizona; Thomas B. Heffelfinger, Former
United States Attorney, District of Minnesota; David C. Iglesias,
Former United States Attorney, District of New Mexico;
Brendan V. Johnson, Former United States Attorney,
District of South Dakota; and Timothy Q. Purdon, Former
United States Attorney, District of North Dakota",2,3
2015,US v. Bryant (15-420),"NATIONAL INDIGENOUS WOMEN'S RESOURCE CENTER AND ADDITIONAL ADVOCACY
ORGANIZATIONS FOR SURVIVORS",1,3
2015,US v. Bryant (15-420),"NATIONAL CONGRESS OF
AMERICAN INDIANS",1,3
2015,Dollar General Corporation v. Mississippi Band of Choctaw Indians (13-1496),AMERICAN CIVIL LIBERTIES UNION AND THE ACLU,2,1
2015,Dollar General Corporation v. Mississippi Band of Choctaw Indians (13-1496),"HISTORIANS AND
LEGAL SCHOLARS GREGORY ABLAVSKY,
BETHANY R. BERGER, NED BLACKHAWK,
DANIEL CARPENTER, MATTHEW L.M. FLETCHER,
MAGGIE MCKINLEY, AND JOSEPH WILLIAM SINGER",2,1
2015,Dollar General Corporation v. Mississippi Band of Choctaw Indians (13-1496),"NATIONAL
CONGRESS OF AMERICAN INDIANS, ET AL",2,1
2015,Dollar General Corporation v. Mississippi Band of Choctaw Indians (13-1496),"INDIGENOUS WOMEN’S RESOURCE CENTER
AND ADDITIONAL ADVOCACY
ORGANIZATIONS FOR SURVIVORS OF
DOMESTIC VIOLENCE AND ASSAULT",2,1
2015,Dollar General Corporation v. Mississippi Band of Choctaw Indians (13-1496),"THE CHEROKEE NATION,
THE CHICKASAW NATION, THE CHOCTAW
NATION OF OKLAHOMA, THE MUSCOGEE
(CREEK) NATION, THE SEMINOLE NATION OF
OKLAHOMA, AND THE INTER-TRIBAL COUNCIL
OF THE FIVE CIVILIZED TRIBES",1,1
2015,Dollar General Corporation v. Mississippi Band of Choctaw Indians (13-1496),"STATES OF MISSISSIPPI,
COLORADO, NEW MEXICO, NORTH DAKOTA,
OREGON, AND WASHINGTON",3,1
2015,Dollar General Corporation v. Mississippi Band of Choctaw Indians (13-1496),"The Puyallup Tribe Of Indians;
Southern Ute Indian Tribe; Navajo Nation;
Mashantucket Pequot Tribal Nation; Sac And Fox
Nation Tribal Court; Big Valley Band Of Pomo
Indians; Blue Lake Rancheria; Chemehuevi Indian
Tribe; Chicken Ranch Rancheria Of Me-Wuk
Indians; Rincon Band Of Luiseno Mission Indians;
Santa Ynez Band Of Chumash Mission Indians;
Shakopee Mdewakanton Sioux Community Tribal
Court; Northwest Intertribal Court System;
Southwest Intertribal Court of Appeals; American
Indian Law Center, Inc.; The Michigan Tribal State
Federal Judicial Forum; And National American
Indian Court Judges Association",1,1
2015,Dollar General Corporation v. Mississippi Band of Choctaw Indians (13-1496),United States,2,1
2015,Dollar General Corporation v. Mississippi Band of Choctaw Indians (13-1496),ASSOCIATION OF AMERICAN RAILROADS,2,0
2015,Dollar General Corporation v. Mississippi Band of Choctaw Indians (13-1496),"RETAIL LITIGATION CENTER, INC. ",2,0
2015,Dollar General Corporation v. Mississippi Band of Choctaw Indians (13-1496),SOUTH DAKOTA BANKERS ASSOCIATION,2,0
2015,Dollar General Corporation v. Mississippi Band of Choctaw Indians (13-1496),"OKLAHOMA, WYOMING, UTAH,
MICHIGAN, ARIZONA, AND ALABAMA",3,0
2016,Lewis v. Clarke (15-1500),"NINTH AND
TENTH CIRCUIT TRIBES",1,1
2016,Lewis v. Clarke (15-1500),THE STATE OF ARIZONA AND THE STATE OF OREGON,3,1
2016,Lewis v. Clarke (15-1500),"THE NATIONAL CONGRESS OF AMERICAN
INDIANS, THE STATE OF TEXAS, THE STATE OF
NEW MEXICO, THE STATE OF COLORADO, THE
UTE MOUNTAIN UTE TRIBE, THE NAVAJO NATION, THE FORT BELKNAP INDIAN COMMUNITY,
THE CONFEDERATED TRIBES OF THE UMATILLA
INDIAN RESERVATION AND THE CONFEDERATED SALISH AND KOOTENAI TRIBES",4,1
2016,Lewis v. Clarke (15-1500),SEMINOLE TRIBE OF FLORIDA,1,1
2016,Lewis v. Clarke (15-1500),"CONNECTICUT TRIAL LAWYERS
ASSOCIATION & AMERICAN ASSOCIATION
FOR JUSTICE",2,0
2016,Lewis v. Clarke (15-1500),United States,2,0
2016,Matal v. Tam,Alliance Defending Freedom,2,0
2016,Matal v. Tam,Constitutional Law Professors,2,0
2016,Matal v. Tam,Pacific Legal Foundation,2,0
2016,Matal v. Tam,American Center for Law and Justice,2,0
2016,Matal v. Tam,New York Intellectual Property Law Association,2,3
2016,Matal v. Tam,Public Knowledge,2,3
2016,Matal v. Tam,CERTAIN MEMBERS OF CONGRESS,2,3
2016,Matal v. Tam,Public Citizens Inc,2,3
2016,Matal v. Tam,American  Intellectual Property Law Association,2,3
2016,Matal v. Tam,Korematsu Center et al,2,1
2016,Matal v. Tam,Asian Americans Advancing Justice et al.,2,1
2016,Matal v. Tam,Law Professors,2,1
2016,Matal v. Tam,Native American Organizations,1,1
2016,Matal v. Tam,American Bar Association,2,3
2016,Matal v. Tam,Amanda Blackhorse et al,1,1
2017,Washington v. U.S.,Hon. Daniel Evans,2,1
2017,Washington v. U.S.,"PACIFIC COAST FEDERATION OF
FISHERMEN’S ASSOCIATIONS, ALASKA
TROLLERS ASSOCIATION, INSTITUTE FOR
FISHERIES RESOURCES, FLY FISHERS
INTERNATIONAL, NORTHWEST SPORTFISHING
INDUSTRY ASSOCIATION, NORTHWEST GUIDES
AND ANGLERS ASSOCIATION, ASSOCIATION
OF NORTHWEST STEELHEADERS",2,1
2017,Washington v. U.S.,"WASHINGTON STATE AND LOCAL
OFFICIALS",2,1
2017,Washington v. U.S.,"CONFEDERATED
TRIBES OF THE WARM SPRINGS RESERVATION
OF OREGON, THE CONFEDERATED TRIBES OF
THE UMATILLA INDIAN RESERVATION, AND
THE NEZ PERCE TRIBE",1,1
2017,Washington v. U.S.,WASHINGTON STATE ASSOCIATION OF COUNTIES AND ASSOCIATION OF WASHINGTON CITIES,2,0
2017,Washington v. U.S.," CITIZENS EQUAL RIGHTS
FOUNDATION AND CENTRAL NEW YORK FAIR",2,0
2017,Washington v. U.S.,"BUSINESS, HOME BUILDING,
REAL ESTATE, AND FARMING ORGANIZATIONS",2,0
2017,Washington v. U.S.,"AMERICAN FOREST & PAPER ASSOCIATION AND
NATIONAL MINING ASSOCIATION",2,0
2017,Washington v. U.S.,"MODOC POINT IRRIGATION
DISTRICT; MOSBY FAMILY TRUST; TPC, LLC;
SPRAGUE RIVER WATER RESOURCE
FOUNDATION, INC.; AND FORT KLAMATH
CRITICAL HABITAT LANDOWNERS",2,0
2017,Washington v. U.S.,"PACIFIC LEGAL
FOUNDATION",2,0
2017,Washington v. U.S.,"IDAHO, INDIANA, KANSAS, LOUISIANA, MAINE, MICHIGAN, MONTANA, NEBRASKA, OKLAHOMA, WISCONSIN AND WYOMING",3,0
2017,Upper Skagit Indian Tribe v. Lundgren,"VILLAGE OF Union Springs , TOWN
OF Springport, and Cayuga County",2,0
2017,Upper Skagit Indian Tribe v. Lundgren,"SENECA COUNTY,
NEW YORK",2,0
2017,Upper Skagit Indian Tribe v. Lundgren,PUBLIC SERVICE COMPANY OF NEW MEXICO,2,0
2017,Upper Skagit Indian Tribe v. Lundgren,UNITED STATES ,2,1
2017,Upper Skagit Indian Tribe v. Lundgren,"THE FOND DU LAC
BAND OF LAKE SUPERIOR CHIPPEWA
INDIANS, PUYALLUP TRIBE OF INDIANS,
AND SKOKOMISH INDIAN TRIBE",1,1
2017,Upper Skagit Indian Tribe v. Lundgren,"THE CAYUGA NATION, THE
SENECA NATION OF INDIANS, THE SAINT
REGIS MOHAWK TRIBE, THE CHEROKEE
NATION, AND THE PUEBLO OF POJOAQUE",1,1
2017,Upper Skagit Indian Tribe v. Lundgren,"ILLINOIS, INDIANA, NEW MEXICO,
AND TEXAS",3,1
2017,Upper Skagit Indian Tribe v. Lundgren,"NATIONAL CONGRESS
OF AMERICAN INDIANS, ASSOCIATION ON
AMERICAN INDIAN AFFAIRS, LAC COURTE
OREILLES BAND OF LAKE SUPERIOR CHIPPEWA
INDIANS, PUEBLO OF LAGUNA, PUEBLO OF
SAN FELIPE, ET AL",1,1
2017,Patchak v. Zinke,"PROFESSOR
EDWARD A. HARTNETT",2,1
2017,Patchak v. Zinke,"NATIONAL CONGRESS OF
AMERICAN INDIANS",1,1
2017,Patchak v. Zinke,U.S. HOUSE OF REPRESENTATIVES,2,1
2017,Patchak v. Zinke,"WAYLAND TOWNSHIP, WAYLAND
AREA CHAMBER OF COMMERCE, AND
OTHER LOCAL GOVERNMENTS AND
BUSINESS ASSOCIATIONS ",2,1
2017,Patchak v. Zinke,"FEDERAL COURTS
AND FEDERAL INDIAN LAW SCHOLARS",2,1
2018,Washington State Department of Licensing v. Cougar Den,"NEZ PERCE
TRIBE AND CONFEDERATED SALISH
AND KOOTENAI TRIBES",1,1
2018,Washington State Department of Licensing v. Cougar Den,"NATIONAL
CONGRESS OF AMERICAN INDIANS",1,1
2018,Washington State Department of Licensing v. Cougar Den,"CONFEDERATED
TRIBES AND BANDS OF THE YAKAMA
NATION",1,1
2018,Washington State Department of Licensing v. Cougar Den,SACRED GROUND LEGAL SERVICES ,2,1
2018,Washington State Department of Licensing v. Cougar Den,THE UNITED STATES,2,0
2018,Washington State Department of Licensing v. Cougar Den,PUBLIC HEALTH ORGANIZATIONS,2,0
2018,Washington State Department of Licensing v. Cougar Den,"IDAHO, CALIFORNIA, KANSAS, LOUISIANA,
MASSACHUSETTS, NEW YORK, RHODE ISLAND,
SOUTH DAKOTA, TENNESSEE, TEXAS,
WISCONSIN, WYOMING, AND THE CITY
OF NEW YORK",3,0
2018,Washington State Department of Licensing v. Cougar Den,"MULTISTATE TAX COMMISSION AND
FEDERATION OF TAX ADMINISTRATORS",2,0
2018,Washington State Department of Licensing v. Cougar Den,"WASHINGTON OIL
MARKETERS ASSOCIATION AND WASHINGTON
ASSOCIATION OF NEIGHBORHOOD STORES",2,0
2018,Herrera v. Wyoming,"WESTERN ASSOCIATION OF FISH
AND WILDLIFE AGENCIES AND CONSERVATION,
HUNTING, FISHING, AND OUTFITTER",2,0
2018,Herrera v. Wyoming,"SAFARI CLUB
INTERNATIONAL",2,0
2018,Herrera v. Wyoming,"CITIZEN EQUAL RIGHTS FOUNDATION
(CERF), MILLE LACS EQUAL RIGHTS
FOUNDATION (MERF) AND THE CITY OF
WAKHON, MINNESOTA",2,0
2018,Herrera v. Wyoming,"ASSOCIATION OF FISH AND
WILDLIFE AGENCIES",2,0
2018,Herrera v. Wyoming,UNITED STATES,2,1
2018,Herrera v. Wyoming,CROW TRIBE,1,1
2018,Herrera v. Wyoming,"TIMOTHY P. MCCLEARY,
JANINE PEASE, ELIZABETH SWANK,
ESTHER WYNNE, SARA BENJAMIN-NEELON,
CAITLIN BORGMANN, MEGAN SINGER,
AND SAMUEL ENEMY-HUNTER",2,1
2018,Herrera v. Wyoming,SHOSHONE-BANNOCK TRIBES,1,1
2018,Herrera v. Wyoming,"PACIFIC AND INLAND NORTHWEST
TREATY TRIBES",1,1
2018,Herrera v. Wyoming," NATIONAL CONGRESS
OF AMERICAN INDIANS",1,1
2018,Herrera v. Wyoming,"SOUTHERN
UTE INDIAN TRIBE AND UTE MOUNTAIN
UTE TRIBE",1,1
2018,Herrera v. Wyoming,"NATURAL RESOURCES
LAW PROFESSORS",2,1
2018,Herrera v. Wyoming,"INDIAN LAW
PROFESSORS",2,1
2018,Herrera v. Wyoming,EASTERN SHOSHONE TRIBE,1,1
2018,Sharp v. Murphy,"NATIONAL
INDIGENOUS WOMEN’S RESOURCE
CENTER AND ADDITIONAL ADVOCACY
ORGANIZATIONS FOR SURVIVORS OF
DOMESTIC VIOLENCE AND ASSAULT",1,1
2018,Sharp v. Murphy,"MUSCOGEE
(CREEK) NATION",1,1
2018,Sharp v. Murphy,"FORMER UNITED
STATES ATTORNEYS TROY A. EID, BARRY R.
GRISSOM, THOMAS B. HEFFELFINGER,
DAVID IGLESIAS, BRENDAN V. JOHNSON,
WENDY J. OLSON, TIMOTHY Q. PURDON
AND DANNY C. WILLIAMS, SR",2,1
2018,Sharp v. Murphy,"HISTORIANS,
LEGAL SCHOLARS, AND CHEROKEE NATION",1,1
2018,Sharp v. Murphy,"NATIONAL CONGRESS OF
AMERICAN INDIANS A",1,1
2018,Sharp v. Murphy,"DAVID BOREN,
BRAD HENRY, TOM COLE,
NEAL MCCALEB, DANNY HILLIARD,
KRIS STEELE, DANIEL BOREN,
T.W. SHANNON, LISA JOHNSON
BILLY, THE CHICKASAW NATION, AND
THE CHOCTAW NATION",1,1
2018,Sharp v. Murphy,UNITED STATES,2,0
2018,Sharp v. Murphy,"ENVIRONMENTAL
FEDERATION OF OKLAHOMA, INC.,
OKLAHOMA CATTLEMEN’S ASSOCIATION,
OKLAHOMA FARM BUREAU LEGAL
FOUNDATION, MAYES COUNTY FARM
BUREAU, MUSKOGEE COUNTY FARM
BUREAU, OKLAHOMA OIL & GAS
ASSOCIATION, AND STATE CHAMBER",2,0
2018,Sharp v. Murphy,"NEBRASKA,
KANSAS, LOUISIANA, MICHIGAN, MONTANA,
SOUTH DAKOTA, TEXAS, UTAH, WYOMING, AND
PAUL R. LEPAGE, GOVERNOR OF MAINE,",3,0
2018,Sharp v. Murphy,"OKLAHOMA
SHERIFFS’ ASSOCIATION, OKLAHOMA
DISTRICT ATTORNEYS ASSOCIATION, AND
TEN OKLAHOMA DISTRICT ATTORNEYS",2,0
2018,Sharp v. Murphy,"OKLAHOMA INDEPENDENT
PETROLEUM ASSOCIATION",2,0
2018,Sharp v. Murphy,"INTERNATIONAL
MUNICIPAL LAWYERS ASSOCIATION, THE
INTERNATIONAL CITY/COUNTY
MANAGEMENT ASSOCIATION, AND THE
NATIONAL SHERIFFS’ ASSOCIATION",2,0
2019,McGirt v. Oklahoma,"Kansas,
Louisiana, Montana, Nebraska, and Texas",3,0
2019,McGirt v. Oklahoma,"THE
INTERNATIONAL MUNICIPAL LAWYERS
ASSOCIATION AND NATIONAL SHERIFFS’
ASSOCIATION",2,0
2019,McGirt v. Oklahoma,UNITED STATES ,2,0
2019,McGirt v. Oklahoma,"ENVIRONMENTAL
FEDERATION OF OKLAHOMA, INC.,
OKLAHOMA FARM BUREAU LEGAL
FOUNDATION AND AFFILIATED COUNTY
FARM BUREAUS, OKLAHOMA CATTLEMEN’S
ASSOCIATION, THE PETROLEUM ALLIANCE
OF OKLAHOMA, OKLAHOMA STATE UNION
OF THE FARMERS EDUCATIONAL AND COOPERATIVE UNION OF AMERICA, INC.,
OKLAHOMA RURAL WATER ASSOCIATION,
OKLAHOMA ASSOCIATION OF ELECTRIC
COOPERATIVES, AND STATE CHAMBER OF
OKLAHOMA",2,0
2019,McGirt v. Oklahoma,CITY OF TULSA,2,0
2019,McGirt v. Oklahoma," SEVENTEEN
OKLAHOMA DISTRICT ATTORNEYS AND
THE OKLAHOMA DISTRICT ATTORNEYS",2,0
2019,McGirt v. Oklahoma,"FORMER UNITED
STATES ATTORNEYS TROY A. EID, BARRY R.
GRISSOM, THOMAS B. HEFFELFINGER, DAVID C. IGLESIAS, BRENDAN V. JOHNSON,
WENDY OLSON, TIMOTHY Q. PURDON, AND
DANNY C. WILLIAMS ",2,1
2019,McGirt v. Oklahoma,"NATIONAL
INDIGENOUS WOMEN’S RESOURCE
CENTER, TRIBAL NATIONS, AND
ADDITIONAL ADVOCACY ORGANIZATIONS
FOR SURVIVORS OF DOMESTIC VIOLENCE
AND ASSAULT",1,1
2019,McGirt v. Oklahoma,"R NATIONAL CONGRESS OF
AMERICAN INDIANS FUND",1,1
2019,McGirt v. Oklahoma," NATIONAL
ASSOCIATION OF CRIMINAL DEFENSE
LAWYERS ",2,1
2019,McGirt v. Oklahoma,MUSCOGEE (CREEK) NATION,1,1
2019,McGirt v. Oklahoma,"HISTORIANS,
LEGAL SCHOLARS, AND CHEROKEE NATION",1,1
2019,McGirt v. Oklahoma,"TOM COLE, BRAD
HENRY, GLENN COFFEE, MIKE TURPEN,
NEAL MCCALEB, DANNY HILLIARD,
MICHAEL STEELE, DANIEL BOREN,
T.W. SHANNON, LISA JOHNSON BILLY,
THE CHICKASAW NATION, AND THE
CHOCTAW NATION",1,1
2020,United States v. Cooley,Citizens Equal Rights Foundation,2,0
2020,United States v. Cooley,"Ninth Circuit FEDERAL PUBLIC AND
COMMUNITY DEFENDERS",2,1
2020,United States v. Cooley,"NATIONAL ASSOCIATION OF CRIMINAL DEFENSE
LAWYERS ",2,0
2020,United States v. Cooley,INDIAN LAW AND POLICY PROFESSORS,1,1
2020,United States v. Cooley,"FORMER
MEMBERS OF CONGRESS",2,1
2020,United States v. Cooley,"CAYUGA NATION, THE
CHEROKEE NATION, THE MILLE LACS BAND
OF OJIBWE, THE TUNICA-BILOXI TRIBE OF
LOUISIANA, AND THE CALIFORNIA TRIBAL
POLICE CHIEFS ",1,1
2020,United States v. Cooley,"Dennis K. Burke, Former United States
Attorney, District of Arizona; Paul K. Charlton,
Former United States Attorney, District of Arizona;
Thomas B. Heffelfinger, Former United States
Attorney, District of Minnesota; David C. Iglesias,
Former United States Attorney, District of New
Mexico; Troy A. Eid, Former United States
Attorney, District of Colorado; Barry R. Grissom,
Former United States Attorney, District of Kansas;
Michael W. Cotter, Former United States Attorney,
District of Montana; Wendy J. Olson, Former United
States Attorney, District of Idaho; Brendan V.
Johnson, Former United States Attorney, District of
South Dakota; and Timothy Q. Purdon, Former
United States Attorney, District of North Dakota,",2,1
2020,United States v. Cooley,"NATIONAL
CONGRESS OF AMERICAN INDIANS, TRIBAL
NATIONS AND INTER-TRIBAL
ORGANIZATIONS",1,1
2020,United States v. Cooley,"NATIONAL
INDIGENOUS WOMEN’S RESOURCE
CENTER, THE CONFEDERATED TRIBES
OF THE CHEHALIS RESERVATION,
AND OTHER ORGANIZATIONS ",1,1
2020,United States v. Cooley,"LOWER BRULE SIOUX TRIBE, THE
FLANDREAU SANTEE SIOUX TRIBE, AND THE
SISSETON-WAHPETON OYATE OF THE LAKE
TRAVERSE RESERVATION",1,1
2020,United States v. Cooley,"UTE INDIAN TRIBE OF THE
UINTAH AND OURAY RESERVATION",1,1
2021,Oklahoma v. Williams (21-265),MUSCOGEE Creek Nation,1,1
2021,Oklahoma v. Mize (21-274),MUSCOGEE (CREEK) NATION,1,1
2021,Oklahoma v. Miller,THE CHOCTAW NATION OF OKLAHOMA ,1,1
2021,Oklahoma v. McDaniel,THE CHEROKEE NATION ,1,1
2021,Oklahoma v. Jones,THE CHICKASAW NATION,1,1
2021,Oklahoma v. Coffman,"THE CHOCTAW
NATION OF OKLAHOMA",1,1
2021,Oklahoma v. Bragg,"THE CHEROKEE
NATION",1,1
2021,Oklahoma v. Bailey,"THE CHOCTAW
NATION",1,1
2021,Oklahoma v. Castro-Huerta,"NATIONAL ASSOCIATION OF
CRIMINAL DEFENSE LAWYERS",2,1
2021,Oklahoma v. Castro-Huerta,"NAVAJO NATION,
UTE MOUNTAIN UTE TRIBE, SOUTHERN
UTE TRIBE, THE CROW NATION, AND
CHEYENNE RIVER SIOUX TRIBE",1,1
2021,Oklahoma v. Castro-Huerta,UNITED STATES,2,1
2021,Oklahoma v. Castro-Huerta,"NATIONAL
INDIGENOUS WOMEN’S RESOURCE
CENTER, CONFEDERATED TRIBES OF
THE UMATILLA INDIAN RESERVATION,
CONFEDERATED TRIBES OF THE
CHEHALIS RESERVATION, PRAIRIE
BAND POTAWATOMI NATION,
THE SEMINOLE NATION, AND
THE YUROK TRIBE, ET. AL",1,1
2021,Oklahoma v. Castro-Huerta,"CHEROKEE
NATION, CHICKASAW NATION, CHOCTAW
NATION OF OKLAHOMA, MUSCOGEE
(CREEK) NATION",1,1
2021,Oklahoma v. Castro-Huerta,Keetoowah Band of Cherokee Indians,1,1
2021,Oklahoma v. Castro-Huerta,"FEDERAL INDIAN LAW SCHOLARS AND
HISTORIANS",2,1
2021,Oklahoma v. Castro-Huerta,"FORMER UNITED
STATES ATTORNEYS MICHAEL COTTER, D.
MICHAEL DUN AV ANT, HALSEY B. FRANK,
TROY A. EID, THOMAS B. HEFFLELFINGER,
DAVID IGLESIAS, BRENDANV. JOHNSON,
WENDY OLSON, TIMOTHY Q. PURDON, AND
R. TRENT SHORES ",2,1
2021,Oklahoma v. Castro-Huerta,"NATIONAL CONGRESS OF
AMERICAN INDIANS",1,1
2021,Oklahoma v. Castro-Huerta,CITIZENS EQUAL RIGHTS FOUNDATION,2,0
2021,Oklahoma v. Castro-Huerta,"OKLAHOMA DISTRICT ATTORNEYS
ASSOCIATION, THE OKLAHOMA SHERIFFS’
ASSOCIATION, THE ASSOCIATION OF
OKLAHOMA NARCOTIC ENFORCERS, AND THE
27 OKLAHOMA DISTRICT ATTORNEYS ",2,0
2021,Oklahoma v. Castro-Huerta,CITY OF TULSA ,2,0
2021,Oklahoma v. Castro-Huerta,OKLAHOMA ASSOCIATION OF CHIEFS OF POLICE,2,0
2021,Oklahoma v. Castro-Huerta,"THE
ENVIRONMENTAL FEDERATION OF
OKLAHOMA, INC., OKLAHOMA FARM
BUREAU LEGAL FOUNDATION, OKLAHOMA
CATTLEMEN’S ASSOCIATION, AND THE
PETROLEUM ALLIANCE OF OKLAHOMA",2,0
2021,Oklahoma v. Castro-Huerta," TEXAS, KANSAS,
LOUISIANA, NEBRASKA, AND VIRGINIA",3,0
2021,Ysleta del Sur Pueblo v. Texas,UNITED STATES,2,1
2021,Ysleta del Sur Pueblo v. Texas,ALABAMA-COUSHATTA TRIBE OF TEXAS ,1,1
2021,Ysleta del Sur Pueblo v. Texas,"NATIONAL INDIAN
GAMING ASSOCIATION, NATIONAL CONGRESS
OF AMERICAN INDIANS, AND UNITED SOUTH AND
EASTERN TRIBES SOVEREIGNTY PROTECTION
FUND",1,1
2021,Denezpi v. United States,"Former United States Attorneys
John C. Anderson, Michael W. Cotter, D. Michael
Dunavant, Troy A. Eid, Halsey B. Frank, Barry R.
Grissom, Thomas B. Heffelfinger, John W. Huber, David
C. Iglesias, Brendan V. Johnson, Brian J. Kuester, Erica
H. MacDonald, Robert G. McCampbell, Wendy J. Olson,
Ronald A. Parsons, Jr., Timothy Q. Purdon, Bryan D.
Schroder, R. Trent Shores, and Billy J. Williams",2,1
2021,Denezpi v. United States,"COLORADO, NEBRASKA, NEVADA, AND UTAH",3,1
2021,Denezpi v. United States,"FEDERAL INDIAN LAW SCHOLARS AND
HISTORIANS",2,1
2021,Denezpi v. United States,"UTE MOUNTAIN UTE TRIBE, EASTERN
SHAWNEE TRIBE OF OKLAHOMA, AND
OTOE–MISSOURIA TRIBE OF INDIANS",1,1
2021,Denezpi v. United States,"NATIONAL INDIGENOUS WOMEN’S
RESOURCE CENTER AND NATIONAL
CONGRESS OF AMERICAN INDIANS ",1,1
2021,Denezpi v. United States,"NATIONAL ASSOCIATION OF
CRIMINAL DEFENSE LAWYERS",2,0
2022,Haaland v Brackeen,State of Ohio &Oklahoma,3,0
2022,Haaland v Brackeen,Project on Fair Representation,2,0
2022,Haaland v Brackeen,"Goldwater Institute, American Academy of Adoption Attorneys",2,0
2022,Haaland v Brackeen,Foster Parents and Pacific Legal Foundation,2,0
2022,Haaland v Brackeen,New Civil Liberties Alliance,2,0
2022,Haaland v Brackeen,Academy of Adoption and Assisted Reproduction Attorneys,2,0
2022,Haaland v Brackeen,Christian Alliance for Indian Child Welfare and ICWA children and families,2,0
2022,Haaland v Brackeen,87 Members of Congress,2,1
2022,Haaland v Brackeen,"Robyn Bradshaw, Grandmother and Adoptive Parent of P.S. (“Child P.”)",1,1
2022,Haaland v Brackeen,"National Indigenous Women's Resource Center, Stephanie Benally, and Sandy White Hawk",1,1
2022,Haaland v Brackeen,Casey Family Programs and Twenty-Six Other Child Welfare and Adoption Organizations ,2,1
2022,Haaland v Brackeen,Former Foster Children,2,1
2022,Haaland v Brackeen,Indian Law Professors,2,1
2022,Haaland v Brackeen,"American Psychological Association, Society of Indian Psychologists, Indiana Psychological Association, Louisiana Psychological Association, and Texas Psychological Association",2,1
2022,Haaland v Brackeen,497 Indian Tribes and 62 Tribal and Indian Organizations,1,1
2022,Haaland v Brackeen,Constitutional Accountability Center,2,0
2022,Haaland v Brackeen,"States of California, Arizona, Colorado, Connecticut, Idaho, Illinois, Iowa, Maine, Massachusetts, Michigan, Minnesota, Nevada, New Jersey, New Mexico, New York, North Carolina, Oregon, Pennsylvania, Rhode Island, South Dakota, Utah, Washington, and Wisconsin, and the District of Columbia",3,1
2022,Haaland v Brackeen,American Academy of Pediatrics and American Medical Association,2,1
2022,Haaland v Brackeen,American Historical Association and Organization of American Historians,2,1
2022,Haaland v Brackeen,American Civil Liberties Union and Fourteen Affiliates,2,1
2022,Haaland v Brackeen,American Bar Association,2,0
2022,Haaland v Brackeen,Aubrey Nelson and Sam Evans-Brown,2,1
2022,Haaland v Brackeen,Professor Gregory Ablavsky,2,1
2022,Haaland v Brackeen,National Association of Counsel for Children and Thirty Others,2,1
2022,Haaland v Brackeen,Los Angeles County,2,0
2022,Haaland v Brackeen,Citizens Equal Rights Foundation,2,0
2022,Haaland v Brackeen,Senator Abourezk,2,1
2022,Haaland v Brackeen,"ADMINISTRATIVE LAW AND CONSTITUTIONAL LAW
PROFESSORS",2,1
2022,Haaland v Brackeen,Family Defense Providers,2,0
2022,Arizona v. Navajo Nation,"LAWRENCE J.
MACDONNELL, ROBERT W. ADLER, BURKE W.
GRIGGS, DAN LUECKE AND JASON ANTHONY
ROBISON",2,1
2022,Arizona v. Navajo Nation,"TRIBAL NATIONS AND
INDIAN ORGANIZATIONS",1,1
2022,Arizona v. Navajo Nation,"DIGDEEP RIGHT TO WATER
PROJECT AND UTAH TRIBAL RELIEF
FOUNDATION",1,1
2022,Arizona v. Navajo Nation,"PROF. DANIEL MCCOOL, PROF. EZRA ROSSER
AND PROF. DAVID E. WILKINS",2,1
2022,Arizona v. Navajo Nation,HISTORIANS IN SUPPORT,2,1
2022,Arizona v. Navajo Nation,"DINÉ HATAAŁII ASSOCIATION, INC",1,1
2022,Arizona v. Navajo Nation,"UTE INDIAN TRIBE OF
THE UINTAH AND OURAY RESERVATION",1,1
2022,Arizona v. Navajo Nation,"SOUTHERN UTE
INDIAN TRIBE AND UTE MOUNTAIN UTE
TRIBE",1,1
2022,Arizona v. Navajo Nation,"COALITION
OF LARGE TRIBES",1,1
2022,Arizona v. Navajo Nation,Citizens Equal Rights Foundation,2,3
2022,Arizona v. Navajo Nation,WESTERN WATER USERS AND TRADE ASSOCIATIONS,2,0
2022,Lac du Flambeau Band of Lake Superior Chippewa Indians v. Coughlin,"NACBA, NCBRC,
LEGAL AID CHICAGO, HON. JUDITH FITZGERALD,
HON. JOAN FEENEY, HON. PHILLIP SHEFFERLY,
HON. EUGENE WEDOFF, HON. STEVEN RHODES
AND HON. CAROL KENNER",2,0
2022,Lac du Flambeau Band of Lake Superior Chippewa Indians v. Coughlin,SEPARATION OF POWERS CLINIC,2,0
2022,Lac du Flambeau Band of Lake Superior Chippewa Indians v. Coughlin,UNITED STATES,2,0
2022,Lac du Flambeau Band of Lake Superior Chippewa Indians v. Coughlin,CITIZENS EQUAL RIGHTS FOUNDATION,2,0
2022,Lac du Flambeau Band of Lake Superior Chippewa Indians v. Coughlin,"PUBLIC CITIZEN,
NATIONAL CONSUMER LAW CENTER, AND
NATIONAL ASSOCIATION OF CONSUMER
ADVOCATES",2,0
2022,Lac du Flambeau Band of Lake Superior Chippewa Indians v. Coughlin,"NAVAJO NATION, GILA RIVER INDIAN
COMMUNITY, AGUA CALIENTE BAND OF
CAHUILLA INDIANS, CEDARVILLE RANCHERIA
NORTHERN PAIUTE TRIBE, LYTTON RANCHERIA
OF CALIFORNIA, MASHANTUCKET PEQUOT
NATION, THE NATIONAL CONGRESS OF
AMERICAN INDIANS, AND THE
UNITED SOUTH AND EASTERN TRIBES
SOVEREIGNTY PROTECTION FUND",1,1
2022,Lac du Flambeau Band of Lake Superior Chippewa Indians v. Coughlin,INDIAN LAW PROFESSORS,2,1
2023,Xavier Becerra v. San Carlos Apache Tribe,NATIONAL INDIAN HEALTH BOARD et al,1,1
2023,Xavier Becerra v. San Carlos Apache Tribe,LEGAL SCHOLARS,2,1
2023,Xavier Becerra v. San Carlos Apache Tribe, NATIVE AMERICAN FINANCE OFFICERS,1,1
2023,Xavier Becerra v. San Carlos Apache Tribe,COALITION OF LARGE TRIBES,1,1
2023,Xavier Becerra v. San Carlos Apache Tribe,NATIONAL CONGRESS OF AMERICAN INDIANS AND VARIOUS TRIBES AND TRIBAL ORGANIZATIONS,1,1
1999,Rice v. Cayetano,"CALIFORNIA, ALABAMA, NEVADA, NEW MEXICO, OKLAHOMA, AND OREGON THE COMMONWEALTH OF THE NORTHERN MARIANA ISLANS AND THE TERRITORY OF GUAM",3,1
1999,Rice v. Cayetano,NCAI,1,1
1999,Rice v. Cayetano,HOMESTEAD ASSOCIATIONS et al ,1,1
1999,Rice v. Cayetano,KAMEHAMEHA SCHOOLS,2,1
1999,Rice v. Cayetano,HAWAIIAN AFFAIRS et al,1,1
1999,Rice v. Cayetano,HAWAI'I CONGRESSIONAL,2,1
1999,Rice v. Cayetano,ALASKA FEDERATION OF NATIVES,1,1
1999,Rice v. Cayetano,UNITED STATES,2,1
1999,Rice v. Cayetano,"CENTER FOR EQUAL OPPORTUNITY, NEW YORK CIVIL RIGHTS COALITION, CARL COHEN, AND ABIGAIL THERNSTROM",2,0
1999,Rice v. Cayetano,HOU HAWAIIANS AND MAUI LOA,1,3
1999,Rice v. Cayetano,CAMPAIGN FOR A COLOR-BLIND AMERICA et al,2,0
1999,Rice v. Cayetano,PACIFIC LEGAL FOUNDATION,2,0
1998,Amoco Production Co. v. Southern Ute Indian Tribe,NATIONAL MINING ASSOCIATION,2,1
1998,Amoco Production Co. v. Southern Ute Indian Tribe,THE COAL BED METHANE et al,2,0
1998,Amoco Production Co. v. Southern Ute Indian Tribe,"La Plata County, Colorado",2,0
1998,Amoco Production Co. v. Southern Ute Indian Tribe,INDEPENDENT PETROLEUM ASSOCIATION OF MOUNTAIN STATES,2,0
1998,Amoco Production Co. v. Southern Ute Indian Tribe,"CAMPBELL COUNTY, WYOMING",2,0
1998,Amoco Production Co. v. Southern Ute Indian Tribe,MOUNTAIN STATES LEGAL FOUNDATION et al,2,0
1998,Amoco Production Co. v. Southern Ute Indian Tribe,"MONTANA, NEW MEXICO, NORTH DAKOTA, UTAH, AND WYOMING",3,0
1998,"Arizona Dept. of Revenue v. Blaze Const. Co., Inc.",NAVAJO NATION,1,1
1998,"Arizona Dept. of Revenue v. Blaze Const. Co., Inc.",SAN CARLOS APACHE INDIAN TRIBE,1,1
1998,"Arizona Dept. of Revenue v. Blaze Const. Co., Inc.","FRANK ADSON, ANITA AHHAITTY, VANESSA GOODEAGLE, ALVIN MOORE, DENISE MOORE, RANDALL TIGER AND SAMUEL VETER",1,1
1998,"Arizona Dept. of Revenue v. Blaze Const. Co., Inc.",GILA RIVER INDIAN COMMUNITY,1,1
1998,"Arizona Dept. of Revenue v. Blaze Const. Co., Inc.",STATE LEGISLATURES et al,2,0
1998,"Arizona Dept. of Revenue v. Blaze Const. Co., Inc.","CALIFORNIA, COLORADO, FLORIDA, IDAHO, IOWA, MICHIGAN, MONTANA, NEVADA, NEW YORK, NORTH DAKOTA, SOUTH DAKOTA, UTAH AND WISCONSIN",3,0
1998,El Paso Natural Gas Co. v. Neztsosie,FALLON PAIUTE-SHOSHONE TRIBE,1,1
1998,El Paso Natural Gas Co. v. Neztsosie,"BERTRAM ROBERTS, HANNI ROBERTS, AND PUBLIC CITIZEN",2,1
1998,El Paso Natural Gas Co. v. Neztsosie,NAVAJO NATION,1,1
1998,El Paso Natural Gas Co. v. Neztsosie,KERR-McGEE CORPORATION,2,0
1998,El Paso Natural Gas Co. v. Neztsosie,NATIONAL MINING ASSOCIATION,2,0
1998,El Paso Natural Gas Co. v. Neztsosie,ASSOCIATION OF AMERICAN RAILROADS,2,0
1998,El Paso Natural Gas Co. v. Neztsosie,"LEWIS COUNTY, IDAHO",2,0
1998,El Paso Natural Gas Co. v. Neztsosie,UNITED STATES,2,0
1998,El Paso Natural Gas Co. v. Neztsosie,INTERSTATE NATURAL GAS ASSOCIATION,2,0
1998,El Paso Natural Gas Co. v. Neztsosie,AMERICAN NUCLEAR INSURERS,2,0
1998,Minnesota v. Mille Lacs Band of Chippewa Indians,"NATIONAL CONGRESS OF AMERICAN INDIANS, AFFILIATED TRIBES OF NORTHWEST INDIANS, LUMMI TRIBE",1,1
1998,Minnesota v. Mille Lacs Band of Chippewa Indians,UNITED STATES,2,1
1998,Minnesota v. Mille Lacs Band of Chippewa Indians,CITIZENS EQUAL RIGHTS ALLIANCE,2,0
1998,Minnesota v. Mille Lacs Band of Chippewa Indians,RESPONDENT COUNTIES,2,0
1998,Minnesota v. Mille Lacs Band of Chippewa Indians,"JOHN W. THOMPSON, JENNY THOMPSON, JOSEPH N. KARPEN, LEROY BURLING, GLENN THOMPSON, GARY M. KIEDROWSKI, MICHAEL SHEFF AND ROBERT L. EDMONDS",2,0
1998,Minnesota v. Mille Lacs Band of Chippewa Indians,"CALIFORNIA, MICHIGAN, MONTANA, SOUTH DAKOTA, UTAH WISCONSIN AND WYOMING",3,0
1998,Minnesota v. Mille Lacs Band of Chippewa Indians,PACIFIC LEGAL FOUNDATION,2,0
1997,Alaska v. Native Village of Venetie Tribal Government,TANANA CHIEFS CONFERENCE,1,1
1997,Alaska v. Native Village of Venetie Tribal Government,METLAKATLA INDIAN COMMUNITY,1,1
1997,Alaska v. Native Village of Venetie Tribal Government,"KONIAG, INC",2,1
1997,Alaska v. Native Village of Venetie Tribal Government,INDIAN LAW PROFESSORS,2,1
1997,Alaska v. Native Village of Venetie Tribal Government,"NAVAJO NATION, THE PUEBLO OF LAGUNA, THE SANTA ANA
PUEBLO, THE SHOSHONE TRIBE OF THE WIND RIVER RESERVATION, THE LUMMI NATION, THE ROSEBUD SIOUX TRIBE, THE CROW TRIBE OF INDIANS, AND THE UTE INDIAN TRIBE",1,1
1997,Alaska v. Native Village of Venetie Tribal Government,ALASKA FEDERATION OF NATIVES et al,1,1
1997,Alaska v. Native Village of Venetie Tribal Government,"ALASKA FISH & WILDLIFE FEDERATION AND OUTDOOR COUNCIL, INC. AND ALASKA FISH AND WILDLIFE CONSERVATION FUND",2,0
1997,Alaska v. Native Village of Venetie Tribal Government,COUNCIL OF STATE GOVERNMENTS et al,2,0
1997,Alaska v. Native Village of Venetie Tribal Government,"CALIFORNIA, ALABAMA, ARIZONA, COLORADO,
CONNECTICUT, FLORIDA, ILLINOIS, INDIANA, LOUISIANA, MASSACHUSETTS,
MICHIGAN, MISSISSIPPI, MISSOURI, MONTANA, NEVADA, NEW YORK, NORTH CAROLINA, NORTH DAKOTA, PENNSYLVANIA, OHIO, RHODE ISLAND, SOUTH DAKOTA, UTAH, VERMONT AND WYOMING",3,0
1997,Alaska v. Native Village of Venetie Tribal Government,"SHEE ATIKA, INCORPORATED",1,1
1997,"Cass County, Minn. v. Leech Lake Band of Chippewa Indians","HOOPA VALLEY TRIBE, THE NEZ PERCE TRIBE, THE QUINAULT INDIAN NATION, AND THE SPOKANE TRIBE OF INDIANS",1,1
1997,"Cass County, Minn. v. Leech Lake Band of Chippewa Indians",Oneida Indian Nation of New York,1,1
1997,"Cass County, Minn. v. Leech Lake Band of Chippewa Indians",NATIONAL CONGRESS OF AMERICAN INDIANS,1,1
1997,"Cass County, Minn. v. Leech Lake Band of Chippewa Indians",GRAND PORTAGE BAND OF CHIPPEWA; THE RED LAKE BAND OF CHIPPEWA; AND SISSETON-WAHPETON SIOUX TRIBE,1,1
1997,"Cass County, Minn. v. Leech Lake Band of Chippewa Indians","FOREST COUNTY POTAWATOMI COMMUNITY, EASTERN BAND OF CHEROKEES, and TURTLE MOUNTAIN BAND OF CHIPPEWA INDIANS",1,1
1997,"Cass County, Minn. v. Leech Lake Band of Chippewa Indians",UNITED STATES,2,1
1997,"Cass County, Minn. v. Leech Lake Band of Chippewa Indians",CONFEDERATED TRIBES AND BANDS OF THE YAKAMA INDIAN NATION,1,1
1997,"Cass County, Minn. v. Leech Lake Band of Chippewa Indians",LUMMI INDIAN TRIBE,1,1
1997,"Cass County, Minn. v. Leech Lake Band of Chippewa Indians",CITIZENS EQUAL RIGHTS ALLIANCE,2,0
1997,"Cass County, Minn. v. Leech Lake Band of Chippewa Indians","LEWIS COUNTY, IDAHO et al",2,0
1997,"Cass County, Minn. v. Leech Lake Band of Chippewa Indians",NATIONAL ASSOCIATION OF COUNTIES et al,2,0
1997,"Cass County, Minn. v. Leech Lake Band of Chippewa Indians","MICHIGAN, ALABAMA, CALIFORNIA, COLORADO, IDAHO, IOWA, MONTANA, NEW YORK, OKLAHOMA, and UTAH",3,0
1997,Idaho v. Coeur d'Alene Tribe of Idaho,Stockbridge Munsee Indian Community,1,1
1997,Idaho v. Coeur d'Alene Tribe of Idaho,United States,2,1
1997,Idaho v. Coeur d'Alene Tribe of Idaho,AMERICAN CIVIL LIBERTIES UNION,2,1
1997,Idaho v. Coeur d'Alene Tribe of Idaho,STATE GOVERNMENTS et al,2,0
1997,Idaho v. Coeur d'Alene Tribe of Idaho,"CALIFORNIA, ALABAMA, ALASKA, ARIZONA, ARKANSAS, COLORADO, CONNECTICUT, FLORIDA, HAWAII, IOWA, MICHIGAN, MINNESOTA, MISSOURI, MONTANA, NEBRASKA, NEVADA, NEW YORK, OHIO, OKLAHOMA, SOUTH DAKOTA, UTAH, WASHINGTON AND WISCONSIN",3,0
1997,"Kiowa Tribe of Oklahoma v. Manufacturing Technologies, Inc.","SOUTH DAKOTA, ALASKA, CALIFORNIA, CONNECTICUT, FLORIDA, HAWAII, LOUISIANA, MASSACHUSETTS, MICHIGAN, MONTANA, NEW HAMPSHIRE, NEW YORK, UTAH, VERMONT AND WISCONSIN",3,0
1997,"Kiowa Tribe of Oklahoma v. Manufacturing Technologies, Inc.",FIRST NATIONAL BANK,2,0
1997,"Kiowa Tribe of Oklahoma v. Manufacturing Technologies, Inc.",OKLAHOMA,3,0
1997,"Kiowa Tribe of Oklahoma v. Manufacturing Technologies, Inc.",ASSINIBOINE AND SIOUX TRIBES et al,1,1
1997,"Kiowa Tribe of Oklahoma v. Manufacturing Technologies, Inc.",FOND DU LAC BAND OF LAKE SUPERIOR CHIPPEWA,1,1
1997,"Kiowa Tribe of Oklahoma v. Manufacturing Technologies, Inc.",CHEYENNE-ARAPAHO TRIBES et al,1,1
1997,"Kiowa Tribe of Oklahoma v. Manufacturing Technologies, Inc.",SEMINOLE NATION OF OKLAHOMA AND THE MUSCOGEE,1,1
1997,"Kiowa Tribe of Oklahoma v. Manufacturing Technologies, Inc.",SHAKOPEE MDEWAKANTON SIOUX et al,1,1
1997,"Kiowa Tribe of Oklahoma v. Manufacturing Technologies, Inc.",Navajo Nation and tribal groups,1,1
1997,Montana v. Crow Tribe of Indians,UNITED STATES,2,1
1997,Montana v. Crow Tribe of Indians,"NEW YORK, ALABAMA, ALASKA, ARIZONA,
CALIFORNIA, FLORIDA, HAWAII, IDAHO, IOWA, MICHIGAN, MINNESOTA, MISSOURI, NEBRASKA, NEVADA, NORTH DAKOTA, SOUTH DAKOTA, UTAH, VERMONT, VIRGINIA, WASHINGTON AND WYOMING",3,0
1997,Montana v. Crow Tribe of Indians,NATIONAL CONFERENCE OF STATE LEGISLATURES et al,2,0
1997,South Dakota v. Yankton Sioux Tribe,STANDING ROCK SIOUX TRIBE,1,1
1997,South Dakota v. Yankton Sioux Tribe,UNITED STATES,2,1
1997,South Dakota v. Yankton Sioux Tribe,"CALIFORNIA, ALABAMA, ALASKA, IDAHO, MISSOURI, NEVADA, UTAH AND WYOMING",3,0
1997,South Dakota v. Yankton Sioux Tribe,Charles Mix County,2,0
1997,South Dakota v. Yankton Sioux Tribe,"DUCHESNE COUNTY, UTAH AND UINTAH COUNTY, UTAH",2,0
1997,South Dakota v. Yankton Sioux Tribe,"CITIES DANTE, GEDDES, LAKE ANDES, PICKSTOWN, PLATTE, RAVINIA AND
WAGNER",2,0
1997,South Dakota v. Yankton Sioux Tribe,"LEWIS COUNTY, IDAHO",2,0
